candidate_count,instance_index,instance_seed,solver,reward,optimal_reward,optimality_gap_percent,travel_minutes,service_minutes,total_minutes,time_budget,visited_count,feasible,runtime_ms,route
6,0,60042,exact_dynamic_programming,27.5913,27.5913,0.0,57.4,32.0,89.4,90.0,4,True,0.1359,0 -> 4 -> 5 -> 2 -> 6 -> 7
6,0,60042,greedy_reward_per_minute,27.5913,27.5913,0.0,57.4,32.0,89.4,90.0,4,True,0.0295,0 -> 4 -> 5 -> 2 -> 6 -> 7
6,0,60042,nearest,27.5913,27.5913,0.0,57.4,32.0,89.4,90.0,4,True,0.0203,0 -> 4 -> 5 -> 2 -> 6 -> 7
6,1,60043,exact_dynamic_programming,14.2647,14.2647,0.0,51.5734,38.0,89.5734,90.0,4,True,0.1132,0 -> 2 -> 1 -> 5 -> 3 -> 7
6,1,60043,greedy_reward_per_minute,9.9268,14.2647,30.41,44.6661,18.0,62.6661,90.0,2,True,0.0147,0 -> 3 -> 5 -> 7
6,1,60043,nearest,14.2647,14.2647,0.0,51.5734,38.0,89.5734,90.0,4,True,0.0152,0 -> 2 -> 1 -> 5 -> 3 -> 7
6,2,60044,exact_dynamic_programming,19.9723,19.9723,0.0,49.4123,40.0,89.4123,90.0,3,True,0.1166,0 -> 2 -> 1 -> 6 -> 7
6,2,60044,greedy_reward_per_minute,11.9139,19.9723,40.3479,46.7309,30.0,76.7309,90.0,2,True,0.0137,0 -> 6 -> 5 -> 7
6,2,60044,nearest,17.9412,19.9723,10.1696,43.188,42.0,85.188,90.0,4,True,0.0124,0 -> 2 -> 3 -> 1 -> 5 -> 7
6,3,60045,exact_dynamic_programming,17.1421,17.1421,0.0,48.4158,26.0,74.4158,90.0,3,True,0.106,0 -> 6 -> 3 -> 2 -> 7
6,3,60045,greedy_reward_per_minute,17.1421,17.1421,0.0,55.6581,26.0,81.6581,90.0,3,True,0.0157,0 -> 6 -> 2 -> 3 -> 7
6,3,60045,nearest,14.6451,17.1421,14.5665,46.9097,33.0,79.9097,90.0,3,True,0.0105,0 -> 5 -> 6 -> 3 -> 7
6,4,60046,exact_dynamic_programming,16.4049,16.4049,0.0,50.3263,39.0,89.3263,90.0,3,True,0.1191,0 -> 2 -> 5 -> 6 -> 7
6,4,60046,greedy_reward_per_minute,14.0438,16.4049,14.3927,44.3212,36.0,80.3212,90.0,3,True,0.0158,0 -> 2 -> 6 -> 3 -> 7
6,4,60046,nearest,14.8804,16.4049,9.293,44.7815,34.0,78.7815,90.0,3,True,0.0106,0 -> 2 -> 1 -> 4 -> 7
6,5,60047,exact_dynamic_programming,21.037,21.037,0.0,42.166,41.0,83.166,90.0,4,True,0.1477,0 -> 5 -> 3 -> 6 -> 1 -> 7
6,5,60047,greedy_reward_per_minute,21.037,21.037,0.0,47.7372,41.0,88.7372,90.0,4,True,0.0183,0 -> 3 -> 5 -> 6 -> 1 -> 7
6,5,60047,nearest,8.8095,21.037,58.1238,40.8943,38.0,78.8943,90.0,3,True,0.011,0 -> 4 -> 2 -> 1 -> 7
6,6,60048,exact_dynamic_programming,24.6781,24.6781,0.0,49.5438,34.0,83.5438,90.0,4,True,0.1319,0 -> 6 -> 2 -> 1 -> 3 -> 7
6,6,60048,greedy_reward_per_minute,16.6143,24.6781,32.6759,60.5577,28.0,88.5577,90.0,3,True,0.0158,0 -> 1 -> 3 -> 4 -> 7
6,6,60048,nearest,18.8377,24.6781,23.6663,45.9922,36.0,81.9922,90.0,4,True,0.0122,0 -> 6 -> 5 -> 2 -> 4 -> 7
6,7,60049,exact_dynamic_programming,16.5043,16.5043,0.0,44.8722,38.0,82.8722,90.0,3,True,0.1273,0 -> 1 -> 2 -> 3 -> 7
6,7,60049,greedy_reward_per_minute,14.9628,16.5043,9.34,44.6009,33.0,77.6009,90.0,3,True,0.0172,0 -> 2 -> 4 -> 3 -> 7
6,7,60049,nearest,16.111,16.5043,2.383,39.5103,43.0,82.5103,90.0,4,True,0.0118,0 -> 1 -> 2 -> 4 -> 5 -> 7
6,8,60050,exact_dynamic_programming,15.4853,15.4853,0.0,49.1005,40.0,89.1005,90.0,3,True,0.1077,0 -> 4 -> 1 -> 6 -> 7
6,8,60050,greedy_reward_per_minute,10.041,15.4853,35.1579,45.8284,25.0,70.8284,90.0,2,True,0.0136,0 -> 6 -> 1 -> 7
6,8,60050,nearest,12.6364,15.4853,18.3974,46.6219,37.0,83.6219,90.0,3,True,0.0104,0 -> 2 -> 1 -> 6 -> 7
6,9,60051,exact_dynamic_programming,17.2758,17.2758,0.0,49.3441,33.0,82.3441,90.0,3,True,0.0981,0 -> 1 -> 5 -> 6 -> 7
6,9,60051,greedy_reward_per_minute,15.2235,17.2758,11.8796,45.8287,18.0,63.8287,90.0,2,True,0.0139,0 -> 1 -> 6 -> 7
6,9,60051,nearest,11.9437,17.2758,30.8646,42.2785,43.0,85.2785,90.0,3,True,0.0107,0 -> 1 -> 5 -> 3 -> 7
8,0,80042,exact_dynamic_programming,24.904,24.904,0.0,44.0241,40.0,84.0241,90.0,4,True,0.5356,0 -> 1 -> 8 -> 3 -> 4 -> 9
8,0,80042,greedy_reward_per_minute,17.9009,24.904,28.1204,44.0215,30.0,74.0215,90.0,3,True,0.02,0 -> 8 -> 3 -> 4 -> 9
8,0,80042,nearest,15.9915,24.904,35.7874,46.0804,38.0,84.0804,90.0,4,True,0.0142,0 -> 1 -> 2 -> 6 -> 4 -> 9
8,1,80043,exact_dynamic_programming,18.6573,18.6573,0.0,45.1396,38.0,83.1396,90.0,3,True,0.3628,0 -> 8 -> 4 -> 1 -> 9
8,1,80043,greedy_reward_per_minute,12.9301,18.6573,30.6968,59.3157,22.0,81.3157,90.0,2,True,0.0158,0 -> 1 -> 5 -> 9
8,1,80043,nearest,15.314,18.6573,17.9195,44.5343,45.0,89.5343,90.0,3,True,0.013,0 -> 6 -> 7 -> 8 -> 9
8,2,80044,exact_dynamic_programming,24.0531,24.0531,0.0,33.79,45.0,78.79,90.0,4,True,0.388,0 -> 2 -> 5 -> 8 -> 6 -> 9
8,2,80044,greedy_reward_per_minute,18.6706,24.0531,22.3776,49.7082,35.0,84.7082,90.0,3,True,0.0175,0 -> 6 -> 8 -> 3 -> 9
8,2,80044,nearest,20.6398,24.0531,14.1907,34.2124,52.0,86.2124,90.0,4,True,0.0139,0 -> 2 -> 5 -> 8 -> 3 -> 9
8,3,80045,exact_dynamic_programming,22.2593,22.2593,0.0,48.9627,32.0,80.9627,90.0,3,True,0.372,0 -> 3 -> 2 -> 6 -> 9
8,3,80045,greedy_reward_per_minute,22.2593,22.2593,0.0,48.9627,32.0,80.9627,90.0,3,True,0.0191,0 -> 3 -> 2 -> 6 -> 9
8,3,80045,nearest,18.5328,22.2593,16.7413,44.985,40.0,84.985,90.0,3,True,0.0123,0 -> 5 -> 2 -> 6 -> 9
8,4,80046,exact_dynamic_programming,16.3835,16.3835,0.0,54.5978,33.0,87.5978,90.0,3,True,0.3565,0 -> 2 -> 7 -> 3 -> 9
8,4,80046,greedy_reward_per_minute,11.2807,16.3835,31.146,49.0751,40.0,89.0751,90.0,3,True,0.0169,0 -> 3 -> 7 -> 5 -> 9
8,4,80046,nearest,11.3732,16.3835,30.5814,35.9583,51.0,86.9583,90.0,3,True,0.0119,0 -> 4 -> 8 -> 5 -> 9
8,5,80047,exact_dynamic_programming,22.3178,22.3178,0.0,39.4227,42.0,81.4227,90.0,3,True,0.3686,0 -> 2 -> 4 -> 6 -> 9
8,5,80047,greedy_reward_per_minute,18.0411,22.3178,19.1627,39.1674,30.0,69.1674,90.0,2,True,0.0169,0 -> 2 -> 6 -> 9
8,5,80047,nearest,10.548,22.3178,52.7373,35.1566,48.0,83.1566,90.0,3,True,0.0123,0 -> 7 -> 3 -> 4 -> 9
8,6,80048,exact_dynamic_programming,19.6099,19.6099,0.0,52.2873,31.0,83.2873,90.0,3,True,0.3343,0 -> 4 -> 2 -> 6 -> 9
8,6,80048,greedy_reward_per_minute,13.9298,19.6099,28.9655,48.2032,16.0,64.2032,90.0,2,True,0.0153,0 -> 6 -> 2 -> 9
8,6,80048,nearest,11.3131,19.6099,42.3092,55.5517,28.0,83.5517,90.0,2,True,0.0103,0 -> 8 -> 1 -> 9
8,7,80049,exact_dynamic_programming,20.0751,20.0751,0.0,47.7278,38.0,85.7278,90.0,3,True,0.3913,0 -> 1 -> 6 -> 7 -> 9
8,7,80049,greedy_reward_per_minute,14.4919,20.0751,27.8116,46.0263,26.0,72.0263,90.0,2,True,0.017,0 -> 6 -> 7 -> 9
8,7,80049,nearest,16.6882,20.0751,16.8711,42.9466,30.0,72.9466,90.0,3,True,0.0126,0 -> 1 -> 6 -> 3 -> 9
8,8,80050,exact_dynamic_programming,25.6181,25.6181,0.0,40.8612,48.0,88.8612,90.0,4,True,0.4075,0 -> 5 -> 8 -> 1 -> 3 -> 9
8,8,80050,greedy_reward_per_minute,22.6095,25.6181,11.744,42.9508,38.0,80.9508,90.0,3,True,0.0202,0 -> 8 -> 1 -> 2 -> 9
8,8,80050,nearest,22.0048,25.6181,14.1045,43.3469,45.0,88.3469,90.0,4,True,0.0137,0 -> 5 -> 6 -> 8 -> 1 -> 9
8,9,80051,exact_dynamic_programming,22.364,22.364,0.0,41.0485,45.0,86.0485,90.0,3,True,0.3987,0 -> 5 -> 7 -> 6 -> 9
8,9,80051,greedy_reward_per_minute,18.1997,22.364,18.6206,39.617,42.0,81.617,90.0,3,True,0.0187,0 -> 7 -> 6 -> 2 -> 9
8,9,80051,nearest,20.7151,22.364,7.373,34.1689,42.0,76.1689,90.0,3,True,0.0126,0 -> 8 -> 7 -> 6 -> 9
10,0,100042,exact_dynamic_programming,22.0887,22.0887,0.0,45.4098,43.0,88.4098,90.0,3,True,1.4538,0 -> 2 -> 3 -> 7 -> 11
10,0,100042,greedy_reward_per_minute,19.431,22.0887,12.0319,41.891,35.0,76.891,90.0,3,True,0.0239,0 -> 4 -> 3 -> 5 -> 11
10,0,100042,nearest,15.8548,22.0887,28.2221,51.2767,28.0,79.2767,90.0,3,True,0.0144,0 -> 4 -> 2 -> 9 -> 11
10,1,100043,exact_dynamic_programming,21.1586,21.1586,0.0,51.1117,38.0,89.1117,90.0,4,True,1.4572,0 -> 2 -> 3 -> 6 -> 5 -> 11
10,1,100043,greedy_reward_per_minute,15.4716,21.1586,26.878,52.4284,26.0,78.4284,90.0,3,True,0.0217,0 -> 2 -> 5 -> 6 -> 11
10,1,100043,nearest,13.6864,21.1586,35.3152,51.1147,38.0,89.1147,90.0,3,True,0.0136,0 -> 4 -> 9 -> 2 -> 11
10,2,100044,exact_dynamic_programming,18.737,18.737,0.0,61.2334,26.0,87.2334,90.0,3,True,1.3974,0 -> 6 -> 2 -> 7 -> 11
10,2,100044,greedy_reward_per_minute,13.0999,18.737,30.0854,55.2592,18.0,73.2592,90.0,2,True,0.0165,0 -> 2 -> 6 -> 11
10,2,100044,nearest,14.4634,18.737,22.8083,43.8976,33.0,76.8976,90.0,3,True,0.015,0 -> 8 -> 6 -> 2 -> 11
10,3,100045,exact_dynamic_programming,23.4648,23.4648,0.0,40.3295,40.0,80.3295,90.0,4,True,1.7429,0 -> 8 -> 2 -> 9 -> 3 -> 11
10,3,100045,greedy_reward_per_minute,23.4648,23.4648,0.0,42.7478,40.0,82.7478,90.0,4,True,0.0255,0 -> 8 -> 3 -> 9 -> 2 -> 11
10,3,100045,nearest,15.6511,23.4648,33.2997,41.2851,43.0,84.2851,90.0,4,True,0.0163,0 -> 1 -> 4 -> 5 -> 8 -> 11
10,4,100046,exact_dynamic_programming,23.99,23.99,0.0,39.3057,48.0,87.3057,90.0,3,True,1.5459,0 -> 6 -> 3 -> 2 -> 11
10,4,100046,greedy_reward_per_minute,18.658,23.99,22.2259,32.5064,38.0,70.5064,90.0,3,True,0.021,0 -> 3 -> 10 -> 2 -> 11
10,4,100046,nearest,13.5935,23.99,43.3368,44.2892,38.0,82.2892,90.0,3,True,0.0138,0 -> 5 -> 4 -> 6 -> 11
10,5,100047,exact_dynamic_programming,21.254,21.254,0.0,47.7857,36.0,83.7857,90.0,4,True,1.9939,0 -> 6 -> 4 -> 9 -> 2 -> 11
10,5,100047,greedy_reward_per_minute,16.0465,21.254,24.5013,59.4655,24.0,83.4655,90.0,3,True,0.0247,0 -> 6 -> 2 -> 9 -> 11
10,5,100047,nearest,19.2912,21.254,9.235,34.7765,50.0,84.7765,90.0,4,True,0.0169,0 -> 8 -> 6 -> 5 -> 1 -> 11
10,6,100048,exact_dynamic_programming,30.4993,30.4993,0.0,44.4203,41.0,85.4203,90.0,4,True,1.6607,0 -> 3 -> 6 -> 7 -> 4 -> 11
10,6,100048,greedy_reward_per_minute,23.9932,30.4993,21.332,38.0123,33.0,71.0123,90.0,3,True,0.0259,0 -> 3 -> 6 -> 4 -> 11
10,6,100048,nearest,28.2888,30.4993,7.2477,40.2678,47.0,87.2678,90.0,4,True,0.0171,0 -> 3 -> 6 -> 9 -> 8 -> 11
10,7,100049,exact_dynamic_programming,27.0518,27.0518,0.0,43.3688,45.0,88.3688,90.0,4,True,1.7859,0 -> 1 -> 2 -> 9 -> 8 -> 11
10,7,100049,greedy_reward_per_minute,21.6726,27.0518,19.8848,49.7467,40.0,89.7467,90.0,4,True,0.027,0 -> 1 -> 8 -> 9 -> 7 -> 11
10,7,100049,nearest,15.0838,27.0518,44.241,40.9193,41.0,81.9193,90.0,3,True,0.0145,0 -> 4 -> 1 -> 10 -> 11
10,8,100050,exact_dynamic_programming,18.6378,18.6378,0.0,45.2603,44.0,89.2603,90.0,4,True,1.5545,0 -> 3 -> 2 -> 7 -> 1 -> 11
10,8,100050,greedy_reward_per_minute,15.4502,18.6378,17.1029,34.8944,36.0,70.8944,90.0,3,True,0.0224,0 -> 2 -> 7 -> 1 -> 11
10,8,100050,nearest,6.942,18.6378,62.7531,46.5289,31.0,77.5289,90.0,3,True,0.0146,0 -> 3 -> 6 -> 10 -> 11
10,9,100051,exact_dynamic_programming,18.7439,18.7439,0.0,48.6849,34.0,82.6849,90.0,4,True,1.5351,0 -> 1 -> 4 -> 5 -> 6 -> 11
10,9,100051,greedy_reward_per_minute,13.31,18.7439,28.9902,64.914,25.0,89.914,90.0,2,True,0.0182,0 -> 8 -> 5 -> 11
10,9,100051,nearest,11.7293,18.7439,37.4234,50.7223,39.0,89.7223,90.0,3,True,0.0144,0 -> 2 -> 10 -> 7 -> 11
